<?xml version="1.0"?>
<operations>
	<operation type="CREATE_TABLE">
		<table>
			<schema></schema>
			<name>invcurrency</name>
			<type>0</type>
			<dbfields>
				<dbfield>
					<name>id</name>
					<type>3</type>
					<typeName>int</typeName>
					<size>11</size>
					<scale>0</scale>
					<defaultValue></defaultValue>
					<nullable>0</nullable>
					<autoInc>1</autoInc>
					<charset></charset>
					<oraSequence></oraSequence>
					<enumValues></enumValues>
				</dbfield>
				<dbfield>
					<name>currency</name>
					<type>200</type>
					<typeName>varchar</typeName>
					<size>5</size>
					<scale>0</scale>
					<defaultValue></defaultValue>
					<nullable>1</nullable>
					<autoInc>0</autoInc>
					<charset></charset>
					<oraSequence></oraSequence>
					<enumValues></enumValues>
				</dbfield>
			</dbfields>
			<dbkeys>
				<dbkey>id</dbkey>
			</dbkeys>
			<dbfkeys></dbfkeys>
			<pbclean>0</pbclean>
		</table>
	</operation>
	<operation type="INSERT_RECORD">
		<schema></schema>
		<tablename>invcurrency</tablename>
		<prefix></prefix>
		<suffix></suffix>
		<records>
			<names>
				<colname>id</colname>
				<colname>currency</colname>
			</names>
			<types>
				<coltype>3</coltype>
				<coltype>200</coltype>
			</types>
			<data>
				<record>
					<value>1</value>
					<value>USD</value>
				</record>
				<record>
					<value>4</value>
					<value>EUR</value>
				</record>
				<record>
					<value>5</value>
					<value>GBP</value>
				</record>
				<record>
					<value>6</value>
					<value>RUB</value>
				</record>
			</data>
		</records>
	</operation>
	<operation type="CREATE_TABLE">
		<table>
			<schema></schema>
			<name>invcustomers</name>
			<type>0</type>
			<dbfields>
				<dbfield>
					<name>id</name>
					<type>3</type>
					<typeName>int</typeName>
					<size>11</size>
					<scale>0</scale>
					<defaultValue></defaultValue>
					<nullable>0</nullable>
					<autoInc>1</autoInc>
					<charset></charset>
					<oraSequence></oraSequence>
					<enumValues></enumValues>
				</dbfield>
				<dbfield>
					<name>name</name>
					<type>200</type>
					<typeName>varchar</typeName>
					<size>500</size>
					<scale>0</scale>
					<defaultValue></defaultValue>
					<nullable>1</nullable>
					<autoInc>0</autoInc>
					<charset></charset>
					<oraSequence></oraSequence>
					<enumValues></enumValues>
				</dbfield>
				<dbfield>
					<name>address</name>
					<type>200</type>
					<typeName>varchar</typeName>
					<size>500</size>
					<scale>0</scale>
					<defaultValue></defaultValue>
					<nullable>1</nullable>
					<autoInc>0</autoInc>
					<charset></charset>
					<oraSequence></oraSequence>
					<enumValues></enumValues>
				</dbfield>
				<dbfield>
					<name>email</name>
					<type>200</type>
					<typeName>varchar</typeName>
					<size>250</size>
					<scale>0</scale>
					<defaultValue></defaultValue>
					<nullable>1</nullable>
					<autoInc>0</autoInc>
					<charset></charset>
					<oraSequence></oraSequence>
					<enumValues></enumValues>
				</dbfield>
			</dbfields>
			<dbkeys>
				<dbkey>id</dbkey>
			</dbkeys>
			<dbfkeys></dbfkeys>
			<pbclean>0</pbclean>
		</table>
	</operation>
	<operation type="INSERT_RECORD">
		<schema></schema>
		<tablename>invcustomers</tablename>
		<prefix></prefix>
		<suffix></suffix>
		<records>
			<names>
				<colname>id</colname>
				<colname>name</colname>
				<colname>address</colname>
				<colname>email</colname>
			</names>
			<types>
				<coltype>3</coltype>
				<coltype>200</coltype>
				<coltype>200</coltype>
				<coltype>200</coltype>
			</types>
			<data>
				<record>
					<value>1</value>
					<value>Verda A. Fulks</value>
					<value>4630 Custer StreetBoalsburg,
 PA 168274630 </value>
					<value>Verda@example.com</value>
				</record>
				<record>
					<value>2</value>
					<value>Joseph E. Wyllie</value>
					<value>467 Ferrell Street,
Wadena, MN 56482</value>
					<value>Joseph@teleworm.us</value>
				</record>
			</data>
		</records>
	</operation>
	<operation type="CREATE_TABLE">
		<table>
			<schema></schema>
			<name>invitems</name>
			<type>0</type>
			<dbfields>
				<dbfield>
					<name>id</name>
					<type>3</type>
					<typeName>int</typeName>
					<size>11</size>
					<scale>0</scale>
					<defaultValue></defaultValue>
					<nullable>0</nullable>
					<autoInc>1</autoInc>
					<charset></charset>
					<oraSequence></oraSequence>
					<enumValues></enumValues>
				</dbfield>
				<dbfield>
					<name>title</name>
					<type>200</type>
					<typeName>varchar</typeName>
					<size>500</size>
					<scale>0</scale>
					<defaultValue></defaultValue>
					<nullable>1</nullable>
					<autoInc>0</autoInc>
					<charset></charset>
					<oraSequence></oraSequence>
					<enumValues></enumValues>
				</dbfield>
				<dbfield>
					<name>price</name>
					<type>14</type>
					<typeName>decimal</typeName>
					<size>16</size>
					<scale>2</scale>
					<defaultValue></defaultValue>
					<nullable>1</nullable>
					<autoInc>0</autoInc>
					<charset></charset>
					<oraSequence></oraSequence>
					<enumValues></enumValues>
				</dbfield>
			</dbfields>
			<dbkeys>
				<dbkey>id</dbkey>
			</dbkeys>
			<dbfkeys></dbfkeys>
			<pbclean>0</pbclean>
		</table>
	</operation>
	<operation type="INSERT_RECORD">
		<schema></schema>
		<tablename>invitems</tablename>
		<prefix></prefix>
		<suffix></suffix>
		<records>
			<names>
				<colname>id</colname>
				<colname>title</colname>
				<colname>price</colname>
			</names>
			<types>
				<coltype>3</coltype>
				<coltype>200</coltype>
				<coltype>14</coltype>
			</types>
			<data>
				<record>
					<value>1</value>
					<value>Title1</value>
					<value>4.00</value>
				</record>
				<record>
					<value>2</value>
					<value>Title2</value>
					<value>5.00</value>
				</record>
				<record>
					<value>3</value>
					<value>Title3</value>
					<value>6.00</value>
				</record>
				<record>
					<value>4</value>
					<value>Title4</value>
					<value>7.00</value>
				</record>
			</data>
		</records>
	</operation>
	<operation type="CREATE_TABLE">
		<table>
			<schema></schema>
			<name>invoice_number</name>
			<type>0</type>
			<dbfields>
				<dbfield>
					<name>id</name>
					<type>3</type>
					<typeName>int</typeName>
					<size>11</size>
					<scale>0</scale>
					<defaultValue></defaultValue>
					<nullable>0</nullable>
					<autoInc>1</autoInc>
					<charset></charset>
					<oraSequence></oraSequence>
					<enumValues></enumValues>
				</dbfield>
				<dbfield>
					<name>invnumber</name>
					<type>3</type>
					<typeName>int</typeName>
					<size>11</size>
					<scale>0</scale>
					<defaultValue></defaultValue>
					<nullable>1</nullable>
					<autoInc>0</autoInc>
					<charset></charset>
					<oraSequence></oraSequence>
					<enumValues></enumValues>
				</dbfield>
			</dbfields>
			<dbkeys>
				<dbkey>id</dbkey>
			</dbkeys>
			<dbfkeys></dbfkeys>
			<pbclean>0</pbclean>
		</table>
	</operation>
	<operation type="INSERT_RECORD">
		<schema></schema>
		<tablename>invoice_number</tablename>
		<prefix></prefix>
		<suffix></suffix>
		<records>
			<names>
				<colname>id</colname>
				<colname>invnumber</colname>
			</names>
			<types>
				<coltype>3</coltype>
				<coltype>3</coltype>
			</types>
			<data>
				<record>
					<value>1</value>
					<value>2</value>
				</record>
			</data>
		</records>
	</operation>
	<operation type="CREATE_TABLE">
		<table>
			<schema></schema>
			<name>invoicedetails</name>
			<type>0</type>
			<dbfields>
				<dbfield>
					<name>id</name>
					<type>3</type>
					<typeName>int</typeName>
					<size>11</size>
					<scale>0</scale>
					<defaultValue></defaultValue>
					<nullable>0</nullable>
					<autoInc>1</autoInc>
					<charset></charset>
					<oraSequence></oraSequence>
					<enumValues></enumValues>
				</dbfield>
				<dbfield>
					<name>id_invoice</name>
					<type>3</type>
					<typeName>int</typeName>
					<size>11</size>
					<scale>0</scale>
					<defaultValue></defaultValue>
					<nullable>1</nullable>
					<autoInc>0</autoInc>
					<charset></charset>
					<oraSequence></oraSequence>
					<enumValues></enumValues>
				</dbfield>
				<dbfield>
					<name>item</name>
					<type>200</type>
					<typeName>varchar</typeName>
					<size>500</size>
					<scale>0</scale>
					<defaultValue></defaultValue>
					<nullable>1</nullable>
					<autoInc>0</autoInc>
					<charset></charset>
					<oraSequence></oraSequence>
					<enumValues></enumValues>
				</dbfield>
				<dbfield>
					<name>price</name>
					<type>14</type>
					<typeName>decimal</typeName>
					<size>16</size>
					<scale>2</scale>
					<defaultValue></defaultValue>
					<nullable>1</nullable>
					<autoInc>0</autoInc>
					<charset></charset>
					<oraSequence></oraSequence>
					<enumValues></enumValues>
				</dbfield>
				<dbfield>
					<name>quantity</name>
					<type>14</type>
					<typeName>decimal</typeName>
					<size>16</size>
					<scale>0</scale>
					<defaultValue></defaultValue>
					<nullable>1</nullable>
					<autoInc>0</autoInc>
					<charset></charset>
					<oraSequence></oraSequence>
					<enumValues></enumValues>
				</dbfield>
				<dbfield>
					<name>total</name>
					<type>5</type>
					<typeName>double</typeName>
					<size>0</size>
					<scale>0</scale>
					<defaultValue></defaultValue>
					<nullable>1</nullable>
					<autoInc>0</autoInc>
					<charset></charset>
					<oraSequence></oraSequence>
					<enumValues></enumValues>
				</dbfield>
				<dbfield>
					<name>pos</name>
					<type>3</type>
					<typeName>int</typeName>
					<size>11</size>
					<scale>0</scale>
					<defaultValue></defaultValue>
					<nullable>1</nullable>
					<autoInc>0</autoInc>
					<charset></charset>
					<oraSequence></oraSequence>
					<enumValues></enumValues>
				</dbfield>
				<dbfield>
					<name>item_tax</name>
					<type>2</type>
					<typeName>smallint</typeName>
					<size>6</size>
					<scale>0</scale>
					<defaultValue></defaultValue>
					<nullable>1</nullable>
					<autoInc>0</autoInc>
					<charset></charset>
					<oraSequence></oraSequence>
					<enumValues></enumValues>
				</dbfield>
			</dbfields>
			<dbkeys>
				<dbkey>id</dbkey>
			</dbkeys>
			<dbfkeys></dbfkeys>
			<pbclean>0</pbclean>
		</table>
	</operation>
	<operation type="INSERT_RECORD">
		<schema></schema>
		<tablename>invoicedetails</tablename>
		<prefix></prefix>
		<suffix></suffix>
		<records>
			<names>
				<colname>id</colname>
				<colname>id_invoice</colname>
				<colname>item</colname>
				<colname>price</colname>
				<colname>quantity</colname>
				<colname>total</colname>
				<colname>pos</colname>
				<colname>item_tax</colname>
			</names>
			<types>
				<coltype>3</coltype>
				<coltype>3</coltype>
				<coltype>200</coltype>
				<coltype>14</coltype>
				<coltype>14</coltype>
				<coltype>5</coltype>
				<coltype>3</coltype>
				<coltype>2</coltype>
			</types>
			<data>
				<record>
					<value>1</value>
					<value>1</value>
					<value>Title1</value>
					<value>4.00</value>
					<value>1</value>
					<value>4</value>
					<value>1</value>
					<value>0</value>
				</record>
				<record>
					<value>4</value>
					<value>1</value>
					<value>Title2</value>
					<value>5.00</value>
					<value>1</value>
					<value>5</value>
					<value>2</value>
					<value>0</value>
				</record>
				<record>
					<value>6</value>
					<value>2</value>
					<value>Title1</value>
					<value>4.00</value>
					<value>1</value>
					<value>4</value>
					<value>1</value>
					<value>0</value>
				</record>
			</data>
		</records>
	</operation>
	<operation type="CREATE_TABLE">
		<table>
			<schema></schema>
			<name>invoices</name>
			<type>0</type>
			<dbfields>
				<dbfield>
					<name>id</name>
					<type>3</type>
					<typeName>int</typeName>
					<size>11</size>
					<scale>0</scale>
					<defaultValue></defaultValue>
					<nullable>0</nullable>
					<autoInc>1</autoInc>
					<charset></charset>
					<oraSequence></oraSequence>
					<enumValues></enumValues>
				</dbfield>
				<dbfield>
					<name>date</name>
					<type>7</type>
					<typeName>date</typeName>
					<size>0</size>
					<scale>0</scale>
					<defaultValue></defaultValue>
					<nullable>1</nullable>
					<autoInc>0</autoInc>
					<charset></charset>
					<oraSequence></oraSequence>
					<enumValues></enumValues>
				</dbfield>
				<dbfield>
					<name>invoice_number</name>
					<type>200</type>
					<typeName>varchar</typeName>
					<size>50</size>
					<scale>0</scale>
					<defaultValue></defaultValue>
					<nullable>1</nullable>
					<autoInc>0</autoInc>
					<charset></charset>
					<oraSequence></oraSequence>
					<enumValues></enumValues>
				</dbfield>
				<dbfield>
					<name>buyer_info</name>
					<type>200</type>
					<typeName>varchar</typeName>
					<size>500</size>
					<scale>0</scale>
					<defaultValue></defaultValue>
					<nullable>1</nullable>
					<autoInc>0</autoInc>
					<charset></charset>
					<oraSequence></oraSequence>
					<enumValues></enumValues>
				</dbfield>
				<dbfield>
					<name>hash</name>
					<type>200</type>
					<typeName>varchar</typeName>
					<size>500</size>
					<scale>0</scale>
					<defaultValue></defaultValue>
					<nullable>1</nullable>
					<autoInc>0</autoInc>
					<charset></charset>
					<oraSequence></oraSequence>
					<enumValues></enumValues>
				</dbfield>
				<dbfield>
					<name>subtotal</name>
					<type>5</type>
					<typeName>double</typeName>
					<size>0</size>
					<scale>0</scale>
					<defaultValue></defaultValue>
					<nullable>1</nullable>
					<autoInc>0</autoInc>
					<charset></charset>
					<oraSequence></oraSequence>
					<enumValues></enumValues>
				</dbfield>
				<dbfield>
					<name>tax</name>
					<type>14</type>
					<typeName>decimal</typeName>
					<size>16</size>
					<scale>2</scale>
					<defaultValue></defaultValue>
					<nullable>1</nullable>
					<autoInc>0</autoInc>
					<charset></charset>
					<oraSequence></oraSequence>
					<enumValues></enumValues>
				</dbfield>
				<dbfield>
					<name>total</name>
					<type>5</type>
					<typeName>double</typeName>
					<size>0</size>
					<scale>0</scale>
					<defaultValue></defaultValue>
					<nullable>1</nullable>
					<autoInc>0</autoInc>
					<charset></charset>
					<oraSequence></oraSequence>
					<enumValues></enumValues>
				</dbfield>
				<dbfield>
					<name>seller_info</name>
					<type>200</type>
					<typeName>varchar</typeName>
					<size>500</size>
					<scale>0</scale>
					<defaultValue></defaultValue>
					<nullable>1</nullable>
					<autoInc>0</autoInc>
					<charset></charset>
					<oraSequence></oraSequence>
					<enumValues></enumValues>
				</dbfield>
				<dbfield>
					<name>terms</name>
					<type>200</type>
					<typeName>varchar</typeName>
					<size>500</size>
					<scale>0</scale>
					<defaultValue></defaultValue>
					<nullable>1</nullable>
					<autoInc>0</autoInc>
					<charset></charset>
					<oraSequence></oraSequence>
					<enumValues></enumValues>
				</dbfield>
				<dbfield>
					<name>company_name</name>
					<type>200</type>
					<typeName>varchar</typeName>
					<size>500</size>
					<scale>0</scale>
					<defaultValue></defaultValue>
					<nullable>1</nullable>
					<autoInc>0</autoInc>
					<charset></charset>
					<oraSequence></oraSequence>
					<enumValues></enumValues>
				</dbfield>
				<dbfield>
					<name>invoice_name</name>
					<type>200</type>
					<typeName>varchar</typeName>
					<size>250</size>
					<scale>0</scale>
					<defaultValue></defaultValue>
					<nullable>1</nullable>
					<autoInc>0</autoInc>
					<charset></charset>
					<oraSequence></oraSequence>
					<enumValues></enumValues>
				</dbfield>
				<dbfield>
					<name>buyer_address</name>
					<type>201</type>
					<typeName>mediumtext</typeName>
					<size>0</size>
					<scale>0</scale>
					<defaultValue></defaultValue>
					<nullable>1</nullable>
					<autoInc>0</autoInc>
					<charset></charset>
					<oraSequence></oraSequence>
					<enumValues></enumValues>
				</dbfield>
				<dbfield>
					<name>status</name>
					<type>200</type>
					<typeName>varchar</typeName>
					<size>50</size>
					<scale>0</scale>
					<defaultValue></defaultValue>
					<nullable>1</nullable>
					<autoInc>0</autoInc>
					<charset></charset>
					<oraSequence></oraSequence>
					<enumValues></enumValues>
				</dbfield>
				<dbfield>
					<name>ownerid</name>
					<type>3</type>
					<typeName>int</typeName>
					<size>11</size>
					<scale>0</scale>
					<defaultValue></defaultValue>
					<nullable>1</nullable>
					<autoInc>0</autoInc>
					<charset></charset>
					<oraSequence></oraSequence>
					<enumValues></enumValues>
				</dbfield>
				<dbfield>
					<name>paydate</name>
					<type>135</type>
					<typeName>datetime</typeName>
					<size>0</size>
					<scale>0</scale>
					<defaultValue></defaultValue>
					<nullable>1</nullable>
					<autoInc>0</autoInc>
					<charset></charset>
					<oraSequence></oraSequence>
					<enumValues></enumValues>
				</dbfield>
				<dbfield>
					<name>buyer_email</name>
					<type>200</type>
					<typeName>varchar</typeName>
					<size>100</size>
					<scale>0</scale>
					<defaultValue></defaultValue>
					<nullable>1</nullable>
					<autoInc>0</autoInc>
					<charset></charset>
					<oraSequence></oraSequence>
					<enumValues></enumValues>
				</dbfield>
				<dbfield>
					<name>paytype</name>
					<type>200</type>
					<typeName>varchar</typeName>
					<size>50</size>
					<scale>0</scale>
					<defaultValue></defaultValue>
					<nullable>1</nullable>
					<autoInc>0</autoInc>
					<charset></charset>
					<oraSequence></oraSequence>
					<enumValues></enumValues>
				</dbfield>
				<dbfield>
					<name>payid</name>
					<type>200</type>
					<typeName>varchar</typeName>
					<size>50</size>
					<scale>0</scale>
					<defaultValue></defaultValue>
					<nullable>1</nullable>
					<autoInc>0</autoInc>
					<charset></charset>
					<oraSequence></oraSequence>
					<enumValues></enumValues>
				</dbfield>
			</dbfields>
			<dbkeys>
				<dbkey>id</dbkey>
			</dbkeys>
			<dbfkeys></dbfkeys>
			<pbclean>0</pbclean>
		</table>
	</operation>
	<operation type="INSERT_RECORD">
		<schema></schema>
		<tablename>invoices</tablename>
		<prefix></prefix>
		<suffix></suffix>
		<records>
			<names>
				<colname>id</colname>
				<colname>date</colname>
				<colname>invoice_number</colname>
				<colname>buyer_info</colname>
				<colname>hash</colname>
				<colname>subtotal</colname>
				<colname>tax</colname>
				<colname>total</colname>
				<colname>seller_info</colname>
				<colname>terms</colname>
				<colname>company_name</colname>
				<colname>invoice_name</colname>
				<colname>buyer_address</colname>
				<colname>status</colname>
				<colname>ownerid</colname>
				<colname>paydate</colname>
				<colname>buyer_email</colname>
				<colname>paytype</colname>
				<colname>payid</colname>
			</names>
			<types>
				<coltype>3</coltype>
				<coltype>7</coltype>
				<coltype>200</coltype>
				<coltype>200</coltype>
				<coltype>200</coltype>
				<coltype>5</coltype>
				<coltype>14</coltype>
				<coltype>5</coltype>
				<coltype>200</coltype>
				<coltype>200</coltype>
				<coltype>200</coltype>
				<coltype>200</coltype>
				<coltype>201</coltype>
				<coltype>200</coltype>
				<coltype>3</coltype>
				<coltype>135</coltype>
				<coltype>200</coltype>
				<coltype>200</coltype>
				<coltype>200</coltype>
			</types>
			<data>
				<record>
					<value>1</value>
					<value>2019-04-04</value>
					<value>19</value>
					<value>Verda A. Fulks</value>
					<value>1a95668c6440db67649923697710b0ee</value>
					<value>9</value>
					<value>0.00</value>
					<value>9</value>
					<value>Default 
Seller 
Info</value>
					<value></value>
					<value>Default Company Name</value>
					<value>INVOICE</value>
					<value>4630 Custer StreetBoalsburg,
 PA 168274630 </value>
					<value>unpaid</value>
					<value>1</value>
					<NULL></NULL>
					<value>Verda@example.com</value>
					<NULL></NULL>
					<NULL></NULL>
				</record>
				<record>
					<value>2</value>
					<value>2019-04-04</value>
					<value>20</value>
					<value>Verda A. Fulks</value>
					<value>fb290f036a3ff15c2c056929bff6fef1</value>
					<value>4</value>
					<value>0.00</value>
					<value>4</value>
					<value>Default 
Seller 
Info</value>
					<value></value>
					<value>Default Company Name</value>
					<value>INVOICE</value>
					<value>4630 Custer StreetBoalsburg,
 PA 168274630 </value>
					<value>unpaid</value>
					<value>1</value>
					<NULL></NULL>
					<value>Verda@example.com</value>
					<NULL></NULL>
					<NULL></NULL>
				</record>
			</data>
		</records>
	</operation>
	<operation type="CREATE_TABLE">
		<table>
			<schema></schema>
			<name>invsettings</name>
			<type>0</type>
			<dbfields>
				<dbfield>
					<name>id</name>
					<type>3</type>
					<typeName>int</typeName>
					<size>11</size>
					<scale>0</scale>
					<defaultValue></defaultValue>
					<nullable>0</nullable>
					<autoInc>1</autoInc>
					<charset></charset>
					<oraSequence></oraSequence>
					<enumValues></enumValues>
				</dbfield>
				<dbfield>
					<name>defaultSeller</name>
					<type>200</type>
					<typeName>varchar</typeName>
					<size>500</size>
					<scale>0</scale>
					<defaultValue></defaultValue>
					<nullable>1</nullable>
					<autoInc>0</autoInc>
					<charset></charset>
					<oraSequence></oraSequence>
					<enumValues></enumValues>
				</dbfield>
				<dbfield>
					<name>changeSeller</name>
					<type>3</type>
					<typeName>int</typeName>
					<size>11</size>
					<scale>0</scale>
					<defaultValue></defaultValue>
					<nullable>1</nullable>
					<autoInc>0</autoInc>
					<charset></charset>
					<oraSequence></oraSequence>
					<enumValues></enumValues>
				</dbfield>
				<dbfield>
					<name>ppSandbox</name>
					<type>3</type>
					<typeName>int</typeName>
					<size>11</size>
					<scale>0</scale>
					<defaultValue></defaultValue>
					<nullable>1</nullable>
					<autoInc>0</autoInc>
					<charset></charset>
					<oraSequence></oraSequence>
					<enumValues></enumValues>
				</dbfield>
				<dbfield>
					<name>ppCurrency</name>
					<type>200</type>
					<typeName>varchar</typeName>
					<size>10</size>
					<scale>0</scale>
					<defaultValue></defaultValue>
					<nullable>1</nullable>
					<autoInc>0</autoInc>
					<charset></charset>
					<oraSequence></oraSequence>
					<enumValues></enumValues>
				</dbfield>
				<dbfield>
					<name>ppEmail</name>
					<type>200</type>
					<typeName>varchar</typeName>
					<size>100</size>
					<scale>0</scale>
					<defaultValue></defaultValue>
					<nullable>1</nullable>
					<autoInc>0</autoInc>
					<charset></charset>
					<oraSequence></oraSequence>
					<enumValues></enumValues>
				</dbfield>
				<dbfield>
					<name>defaultCompany</name>
					<type>200</type>
					<typeName>varchar</typeName>
					<size>100</size>
					<scale>0</scale>
					<defaultValue></defaultValue>
					<nullable>1</nullable>
					<autoInc>0</autoInc>
					<charset></charset>
					<oraSequence></oraSequence>
					<enumValues></enumValues>
				</dbfield>
				<dbfield>
					<name>stripeSKey</name>
					<type>200</type>
					<typeName>varchar</typeName>
					<size>50</size>
					<scale>0</scale>
					<defaultValue></defaultValue>
					<nullable>1</nullable>
					<autoInc>0</autoInc>
					<charset></charset>
					<oraSequence></oraSequence>
					<enumValues></enumValues>
				</dbfield>
				<dbfield>
					<name>stripePKey</name>
					<type>200</type>
					<typeName>varchar</typeName>
					<size>50</size>
					<scale>0</scale>
					<defaultValue></defaultValue>
					<nullable>1</nullable>
					<autoInc>0</autoInc>
					<charset></charset>
					<oraSequence></oraSequence>
					<enumValues></enumValues>
				</dbfield>
				<dbfield>
					<name>authkey</name>
					<type>200</type>
					<typeName>varchar</typeName>
					<size>50</size>
					<scale>0</scale>
					<defaultValue></defaultValue>
					<nullable>1</nullable>
					<autoInc>0</autoInc>
					<charset></charset>
					<oraSequence></oraSequence>
					<enumValues></enumValues>
				</dbfield>
				<dbfield>
					<name>stripeLabel</name>
					<type>200</type>
					<typeName>varchar</typeName>
					<size>100</size>
					<scale>0</scale>
					<defaultValue></defaultValue>
					<nullable>1</nullable>
					<autoInc>0</autoInc>
					<charset></charset>
					<oraSequence></oraSequence>
					<enumValues></enumValues>
				</dbfield>
				<dbfield>
					<name>tax_individually</name>
					<type>16</type>
					<typeName>tinyint</typeName>
					<size>4</size>
					<scale>0</scale>
					<defaultValue></defaultValue>
					<nullable>0</nullable>
					<autoInc>0</autoInc>
					<charset></charset>
					<oraSequence></oraSequence>
					<enumValues></enumValues>
				</dbfield>
			</dbfields>
			<dbkeys>
				<dbkey>id</dbkey>
			</dbkeys>
			<dbfkeys></dbfkeys>
			<pbclean>0</pbclean>
		</table>
	</operation>
	<operation type="INSERT_RECORD">
		<schema></schema>
		<tablename>invsettings</tablename>
		<prefix></prefix>
		<suffix></suffix>
		<records>
			<names>
				<colname>id</colname>
				<colname>defaultSeller</colname>
				<colname>changeSeller</colname>
				<colname>ppSandbox</colname>
				<colname>ppCurrency</colname>
				<colname>ppEmail</colname>
				<colname>defaultCompany</colname>
				<colname>stripeSKey</colname>
				<colname>stripePKey</colname>
				<colname>authkey</colname>
				<colname>stripeLabel</colname>
				<colname>tax_individually</colname>
			</names>
			<types>
				<coltype>3</coltype>
				<coltype>200</coltype>
				<coltype>3</coltype>
				<coltype>3</coltype>
				<coltype>200</coltype>
				<coltype>200</coltype>
				<coltype>200</coltype>
				<coltype>200</coltype>
				<coltype>200</coltype>
				<coltype>200</coltype>
				<coltype>200</coltype>
				<coltype>2</coltype>
			</types>
			<data>
				<record>
					<value>1</value>
					<value>Default 
Seller 
Info</value>
					<value>0</value>
					<value>1</value>
					<value>USD</value>
					<value>paypal@test.com</value>
					<value>Default Company Name</value>
					<value>sk_key_test</value>
					<value>pk_key_test</value>
					<value>4eq4dxfavczr7dr1i8l1</value>
					<value>Pay with card {total} {cur}</value>
					<value>1</value>
				</record>
			</data>
		</records>
	</operation>
	<operation type="CREATE_TABLE">
		<table>
			<schema></schema>
			<name>invstatus</name>
			<type>0</type>
			<dbfields>
				<dbfield>
					<name>id</name>
					<type>3</type>
					<typeName>int</typeName>
					<size>11</size>
					<scale>0</scale>
					<defaultValue></defaultValue>
					<nullable>0</nullable>
					<autoInc>1</autoInc>
					<charset></charset>
					<oraSequence></oraSequence>
					<enumValues></enumValues>
				</dbfield>
				<dbfield>
					<name>status</name>
					<type>200</type>
					<typeName>varchar</typeName>
					<size>50</size>
					<scale>0</scale>
					<defaultValue></defaultValue>
					<nullable>1</nullable>
					<autoInc>0</autoInc>
					<charset></charset>
					<oraSequence></oraSequence>
					<enumValues></enumValues>
				</dbfield>
			</dbfields>
			<dbkeys>
				<dbkey>id</dbkey>
			</dbkeys>
			<dbfkeys></dbfkeys>
			<pbclean>0</pbclean>
		</table>
	</operation>
	<operation type="INSERT_RECORD">
		<schema></schema>
		<tablename>invstatus</tablename>
		<prefix></prefix>
		<suffix></suffix>
		<records>
			<names>
				<colname>id</colname>
				<colname>status</colname>
			</names>
			<types>
				<coltype>3</coltype>
				<coltype>200</coltype>
			</types>
			<data>
				<record>
					<value>1</value>
					<value>paid</value>
				</record>
				<record>
					<value>2</value>
					<value>unpaid</value>
				</record>
			</data>
		</records>
	</operation>
	<operation type="CREATE_TABLE">
		<table>
			<schema></schema>
			<name>invusers</name>
			<type>0</type>
			<dbfields>
				<dbfield>
					<name>id</name>
					<type>3</type>
					<typeName>int</typeName>
					<size>11</size>
					<scale>0</scale>
					<defaultValue></defaultValue>
					<nullable>0</nullable>
					<autoInc>1</autoInc>
					<charset></charset>
					<oraSequence></oraSequence>
					<enumValues></enumValues>
				</dbfield>
				<dbfield>
					<name>username</name>
					<type>200</type>
					<typeName>varchar</typeName>
					<size>50</size>
					<scale>0</scale>
					<defaultValue></defaultValue>
					<nullable>1</nullable>
					<autoInc>0</autoInc>
					<charset></charset>
					<oraSequence></oraSequence>
					<enumValues></enumValues>
				</dbfield>
				<dbfield>
					<name>password</name>
					<type>200</type>
					<typeName>varchar</typeName>
					<size>50</size>
					<scale>0</scale>
					<defaultValue></defaultValue>
					<nullable>1</nullable>
					<autoInc>0</autoInc>
					<charset></charset>
					<oraSequence></oraSequence>
					<enumValues></enumValues>
				</dbfield>
			</dbfields>
			<dbkeys>
				<dbkey>id</dbkey>
			</dbkeys>
			<dbfkeys></dbfkeys>
			<pbclean>0</pbclean>
		</table>
	</operation>
	<operation type="INSERT_RECORD">
		<schema></schema>
		<tablename>invusers</tablename>
		<prefix></prefix>
		<suffix></suffix>
		<records>
			<names>
				<colname>id</colname>
				<colname>username</colname>
				<colname>password</colname>
			</names>
			<types>
				<coltype>3</coltype>
				<coltype>200</coltype>
				<coltype>200</coltype>
			</types>
			<data>
				<record>
					<value>1</value>
					<value>admin</value>
					<value>admin</value>
				</record>
			</data>
		</records>
	</operation>
</operations>
