<?xml version="1.0"?>
<operations>
	<operation type="CREATE_TABLE">
		<table>
			<schema></schema>
			<name>doc_files_versions</name>
			<type>0</type>
			<dbfields>
				<dbfield>
					<name>id</name>
					<type>3</type>
					<typeName>int</typeName>
					<size>11</size>
					<scale>0</scale>
					<defaultValue></defaultValue>
					<nullable>0</nullable>
					<autoInc>1</autoInc>
					<charset></charset>
					<oraSequence></oraSequence>
					<enumValues></enumValues>
				</dbfield>
				<dbfield>
					<name>docid</name>
					<type>3</type>
					<typeName>int</typeName>
					<size>11</size>
					<scale>0</scale>
					<defaultValue></defaultValue>
					<nullable>1</nullable>
					<autoInc>0</autoInc>
					<charset></charset>
					<oraSequence></oraSequence>
					<enumValues></enumValues>
				</dbfield>
				<dbfield>
					<name>file</name>
					<type>200</type>
					<typeName>varchar</typeName>
					<size>1000</size>
					<scale>0</scale>
					<defaultValue></defaultValue>
					<nullable>1</nullable>
					<autoInc>0</autoInc>
					<charset></charset>
					<oraSequence></oraSequence>
					<enumValues></enumValues>
				</dbfield>
				<dbfield>
					<name>ownerid</name>
					<type>3</type>
					<typeName>int</typeName>
					<size>11</size>
					<scale>0</scale>
					<defaultValue></defaultValue>
					<nullable>1</nullable>
					<autoInc>0</autoInc>
					<charset></charset>
					<oraSequence></oraSequence>
					<enumValues></enumValues>
				</dbfield>
				<dbfield>
					<name>created</name>
					<type>135</type>
					<typeName>datetime</typeName>
					<size>0</size>
					<scale>0</scale>
					<defaultValue></defaultValue>
					<nullable>1</nullable>
					<autoInc>0</autoInc>
					<charset></charset>
					<oraSequence></oraSequence>
					<enumValues></enumValues>
				</dbfield>
			</dbfields>
			<dbkeys>
				<dbkey>id</dbkey>
			</dbkeys>
			<dbfkeys></dbfkeys>
			<pbclean>0</pbclean>
		</table>
	</operation>
	<operation type="CREATE_TABLE">
		<table>
			<schema></schema>
			<name>doc_files</name>
			<type>0</type>
			<dbfields>
				<dbfield>
					<name>id</name>
					<type>3</type>
					<typeName>int</typeName>
					<size>11</size>
					<scale>0</scale>
					<defaultValue></defaultValue>
					<nullable>0</nullable>
					<autoInc>1</autoInc>
					<charset></charset>
					<oraSequence></oraSequence>
					<enumValues></enumValues>
				</dbfield>
				<dbfield>
					<name>file</name>
					<type>201</type>
					<typeName>mediumtext</typeName>
					<size>0</size>
					<scale>0</scale>
					<defaultValue></defaultValue>
					<nullable>1</nullable>
					<autoInc>0</autoInc>
					<charset></charset>
					<oraSequence></oraSequence>
					<enumValues></enumValues>
				</dbfield>
				<dbfield>
					<name>description</name>
					<type>200</type>
					<typeName>varchar</typeName>
					<size>500</size>
					<scale>0</scale>
					<defaultValue></defaultValue>
					<nullable>1</nullable>
					<autoInc>0</autoInc>
					<charset></charset>
					<oraSequence></oraSequence>
					<enumValues></enumValues>
				</dbfield>
				<dbfield>
					<name>hash</name>
					<type>200</type>
					<typeName>varchar</typeName>
					<size>100</size>
					<scale>0</scale>
					<defaultValue></defaultValue>
					<nullable>1</nullable>
					<autoInc>0</autoInc>
					<charset></charset>
					<oraSequence></oraSequence>
					<enumValues></enumValues>
				</dbfield>
				<dbfield>
					<name>parent_folder_id</name>
					<type>3</type>
					<typeName>int</typeName>
					<size>11</size>
					<scale>0</scale>
					<defaultValue></defaultValue>
					<nullable>1</nullable>
					<autoInc>0</autoInc>
					<charset></charset>
					<oraSequence></oraSequence>
					<enumValues></enumValues>
				</dbfield>
				<dbfield>
					<name>ownerid</name>
					<type>3</type>
					<typeName>int</typeName>
					<size>11</size>
					<scale>0</scale>
					<defaultValue></defaultValue>
					<nullable>1</nullable>
					<autoInc>0</autoInc>
					<charset></charset>
					<oraSequence></oraSequence>
					<enumValues></enumValues>
				</dbfield>
				<dbfield>
					<name>file_type</name>
					<type>200</type>
					<typeName>varchar</typeName>
					<size>50</size>
					<scale>0</scale>
					<defaultValue></defaultValue>
					<nullable>1</nullable>
					<autoInc>0</autoInc>
					<charset></charset>
					<oraSequence></oraSequence>
					<enumValues></enumValues>
				</dbfield>
				<dbfield>
					<name>name</name>
					<type>200</type>
					<typeName>varchar</typeName>
					<size>100</size>
					<scale>0</scale>
					<defaultValue></defaultValue>
					<nullable>1</nullable>
					<autoInc>0</autoInc>
					<charset></charset>
					<oraSequence></oraSequence>
					<enumValues></enumValues>
				</dbfield>
				<dbfield>
					<name>created</name>
					<type>135</type>
					<typeName>datetime</typeName>
					<size>0</size>
					<scale>0</scale>
					<defaultValue></defaultValue>
					<nullable>1</nullable>
					<autoInc>0</autoInc>
					<charset></charset>
					<oraSequence></oraSequence>
					<enumValues></enumValues>
				</dbfield>
				<dbfield>
					<name>share_date</name>
					<type>7</type>
					<typeName>date</typeName>
					<size>0</size>
					<scale>0</scale>
					<defaultValue></defaultValue>
					<nullable>1</nullable>
					<autoInc>0</autoInc>
					<charset></charset>
					<oraSequence></oraSequence>
					<enumValues></enumValues>
				</dbfield>
				<dbfield>
					<name>share_ro</name>
					<type>200</type>
					<typeName>varchar</typeName>
					<size>50</size>
					<scale>0</scale>
					<defaultValue></defaultValue>
					<nullable>1</nullable>
					<autoInc>0</autoInc>
					<charset></charset>
					<oraSequence></oraSequence>
					<enumValues></enumValues>
				</dbfield>
				<dbfield>
					<name>share_type</name>
					<type>3</type>
					<typeName>int</typeName>
					<size>11</size>
					<scale>0</scale>
					<defaultValue></defaultValue>
					<nullable>1</nullable>
					<autoInc>0</autoInc>
					<charset></charset>
					<oraSequence></oraSequence>
					<enumValues></enumValues>
				</dbfield>
				<dbfield>
					<name>share_users</name>
					<type>200</type>
					<typeName>varchar</typeName>
					<size>1000</size>
					<scale>0</scale>
					<defaultValue></defaultValue>
					<nullable>1</nullable>
					<autoInc>0</autoInc>
					<charset></charset>
					<oraSequence></oraSequence>
					<enumValues></enumValues>
				</dbfield>
				<dbfield>
					<name>share_message</name>
					<type>200</type>
					<typeName>varchar</typeName>
					<size>3000</size>
					<scale>0</scale>
					<defaultValue></defaultValue>
					<nullable>1</nullable>
					<autoInc>0</autoInc>
					<charset></charset>
					<oraSequence></oraSequence>
					<enumValues></enumValues>
				</dbfield>
				<dbfield>
					<name>share_sendto</name>
					<type>200</type>
					<typeName>varchar</typeName>
					<size>500</size>
					<scale>0</scale>
					<defaultValue></defaultValue>
					<nullable>1</nullable>
					<autoInc>0</autoInc>
					<charset></charset>
					<oraSequence></oraSequence>
					<enumValues></enumValues>
				</dbfield>
				<dbfield>
					<name>share_needDate</name>
					<type>3</type>
					<typeName>int</typeName>
					<size>11</size>
					<scale>0</scale>
					<defaultValue></defaultValue>
					<nullable>1</nullable>
					<autoInc>0</autoInc>
					<charset></charset>
					<oraSequence></oraSequence>
					<enumValues></enumValues>
				</dbfield>
				<dbfield>
					<name>downloads</name>
					<type>3</type>
					<typeName>int</typeName>
					<size>11</size>
					<scale>0</scale>
					<defaultValue></defaultValue>
					<nullable>1</nullable>
					<autoInc>0</autoInc>
					<charset></charset>
					<oraSequence></oraSequence>
					<enumValues></enumValues>
				</dbfield>
				<dbfield>
					<name>share_startPoint</name>
					<type>200</type>
					<typeName>varchar</typeName>
					<size>1000</size>
					<scale>0</scale>
					<defaultValue></defaultValue>
					<nullable>1</nullable>
					<autoInc>0</autoInc>
					<charset></charset>
					<oraSequence></oraSequence>
					<enumValues></enumValues>
				</dbfield>
				<dbfield>
					<name>thumb</name>
					<type>200</type>
					<typeName>varchar</typeName>
					<size>500</size>
					<scale>0</scale>
					<defaultValue></defaultValue>
					<nullable>1</nullable>
					<autoInc>0</autoInc>
					<charset></charset>
					<oraSequence></oraSequence>
					<enumValues></enumValues>
				</dbfield>
			</dbfields>
			<dbkeys>
				<dbkey>id</dbkey>
			</dbkeys>
			<dbfkeys></dbfkeys>
			<pbclean>0</pbclean>
		</table>
	</operation>
	<operation type="CREATE_TABLE">
		<table>
			<schema></schema>
			<name>doc_savemethod</name>
			<type>0</type>
			<dbfields>
				<dbfield>
					<name>ID</name>
					<type>3</type>
					<typeName>int</typeName>
					<size>11</size>
					<scale>0</scale>
					<defaultValue></defaultValue>
					<nullable>0</nullable>
					<autoInc>1</autoInc>
					<charset></charset>
					<oraSequence></oraSequence>
					<enumValues></enumValues>
				</dbfield>
				<dbfield>
					<name>mehodName</name>
					<type>200</type>
					<typeName>varchar</typeName>
					<size>50</size>
					<scale>0</scale>
					<defaultValue></defaultValue>
					<nullable>1</nullable>
					<autoInc>0</autoInc>
					<charset></charset>
					<oraSequence></oraSequence>
					<enumValues></enumValues>
				</dbfield>
				<dbfield>
					<name>methodValue</name>
					<type>3</type>
					<typeName>int</typeName>
					<size>11</size>
					<scale>0</scale>
					<defaultValue></defaultValue>
					<nullable>1</nullable>
					<autoInc>0</autoInc>
					<charset></charset>
					<oraSequence></oraSequence>
					<enumValues></enumValues>
				</dbfield>
			</dbfields>
			<dbkeys>
				<dbkey>ID</dbkey>
			</dbkeys>
			<dbfkeys></dbfkeys>
			<pbclean>0</pbclean>
		</table>
	</operation>
	<operation type="INSERT_RECORD">
		<schema></schema>
		<tablename>doc_savemethod</tablename>
		<prefix></prefix>
		<suffix></suffix>
		<records>
			<names>
				<colname>ID</colname>
				<colname>mehodName</colname>
				<colname>methodValue</colname>
			</names>
			<types>
				<coltype>3</coltype>
				<coltype>200</coltype>
				<coltype>3</coltype>
			</types>
			<data>
				<record>
					<value>1</value>
					<value>Use physical directory structure</value>
					<value>1</value>
				</record>
				<record>
					<value>2</value>
					<value>Store all files in the same physical folder</value>
					<value>0</value>
				</record>
			</data>
		</records>
	</operation>
	<operation type="CREATE_TABLE">
		<table>
			<schema></schema>
			<name>doc_settings</name>
			<type>0</type>
			<dbfields>
				<dbfield>
					<name>id</name>
					<type>3</type>
					<typeName>int</typeName>
					<size>11</size>
					<scale>0</scale>
					<defaultValue></defaultValue>
					<nullable>0</nullable>
					<autoInc>1</autoInc>
					<charset></charset>
					<oraSequence></oraSequence>
					<enumValues></enumValues>
				</dbfield>
				<dbfield>
					<name>upload_path</name>
					<type>200</type>
					<typeName>varchar</typeName>
					<size>500</size>
					<scale>0</scale>
					<defaultValue></defaultValue>
					<nullable>1</nullable>
					<autoInc>0</autoInc>
					<charset></charset>
					<oraSequence></oraSequence>
					<enumValues></enumValues>
				</dbfield>
				<dbfield>
					<name>isStructure</name>
					<type>200</type>
					<typeName>varchar</typeName>
					<size>50</size>
					<scale>0</scale>
					<defaultValue></defaultValue>
					<nullable>1</nullable>
					<autoInc>0</autoInc>
					<charset></charset>
					<oraSequence></oraSequence>
					<enumValues></enumValues>
				</dbfield>
				<dbfield>
					<name>isVersions</name>
					<type>3</type>
					<typeName>int</typeName>
					<size>11</size>
					<scale>0</scale>
					<defaultValue></defaultValue>
					<nullable>1</nullable>
					<autoInc>0</autoInc>
					<charset></charset>
					<oraSequence></oraSequence>
					<enumValues></enumValues>
				</dbfield>
			</dbfields>
			<dbkeys>
				<dbkey>id</dbkey>
			</dbkeys>
			<dbfkeys></dbfkeys>
			<pbclean>0</pbclean>
		</table>
	</operation>
	<operation type="INSERT_RECORD">
		<schema></schema>
		<tablename>doc_settings</tablename>
		<prefix></prefix>
		<suffix></suffix>
		<records>
			<names>
				<colname>id</colname>
				<colname>upload_path</colname>
				<colname>isStructure</colname>
				<colname>isVersions</colname>
			</names>
			<types>
				<coltype>3</coltype>
				<coltype>200</coltype>
				<coltype>200</coltype>
				<coltype>3</coltype>
			</types>
			<data>
				<record>
					<value>1</value>
					<value>files</value>
					<value>0</value>
					<value>0</value>
				</record>
			</data>
		</records>
	</operation>
	<operation type="CREATE_TABLE">
		<table>
			<schema></schema>
			<name>doc_users</name>
			<type>0</type>
			<dbfields>
				<dbfield>
					<name>id</name>
					<type>3</type>
					<typeName>int</typeName>
					<size>11</size>
					<scale>0</scale>
					<defaultValue></defaultValue>
					<nullable>0</nullable>
					<autoInc>1</autoInc>
					<charset></charset>
					<oraSequence></oraSequence>
					<enumValues></enumValues>
				</dbfield>
				<dbfield>
					<name>email</name>
					<type>200</type>
					<typeName>varchar</typeName>
					<size>100</size>
					<scale>0</scale>
					<defaultValue></defaultValue>
					<nullable>1</nullable>
					<autoInc>0</autoInc>
					<charset></charset>
					<oraSequence></oraSequence>
					<enumValues></enumValues>
				</dbfield>
				<dbfield>
					<name>password</name>
					<type>200</type>
					<typeName>varchar</typeName>
					<size>50</size>
					<scale>0</scale>
					<defaultValue></defaultValue>
					<nullable>1</nullable>
					<autoInc>0</autoInc>
					<charset></charset>
					<oraSequence></oraSequence>
					<enumValues></enumValues>
				</dbfield>
				<dbfield>
					<name>usertype</name>
					<type>200</type>
					<typeName>varchar</typeName>
					<size>50</size>
					<scale>0</scale>
					<defaultValue></defaultValue>
					<nullable>1</nullable>
					<autoInc>0</autoInc>
					<charset></charset>
					<oraSequence></oraSequence>
					<enumValues></enumValues>
				</dbfield>
				<dbfield>
					<name>name</name>
					<type>200</type>
					<typeName>varchar</typeName>
					<size>100</size>
					<scale>0</scale>
					<defaultValue></defaultValue>
					<nullable>1</nullable>
					<autoInc>0</autoInc>
					<charset></charset>
					<oraSequence></oraSequence>
					<enumValues></enumValues>
				</dbfield>
			</dbfields>
			<dbkeys>
				<dbkey>id</dbkey>
			</dbkeys>
			<dbfkeys></dbfkeys>
			<pbclean>0</pbclean>
		</table>
	</operation>
	<operation type="INSERT_RECORD">
		<schema></schema>
		<tablename>doc_users</tablename>
		<prefix></prefix>
		<suffix></suffix>
		<records>
			<names>
				<colname>id</colname>
				<colname>email</colname>
				<colname>password</colname>
				<colname>usertype</colname>
				<colname>name</colname>
			</names>
			<types>
				<coltype>3</coltype>
				<coltype>200</coltype>
				<coltype>200</coltype>
				<coltype>200</coltype>
				<coltype>200</coltype>
			</types>
			<data>
				<record>
					<value>1</value>
					<value>admin@test.com</value>
					<value>admin</value>
					<value>admin</value>
					<value>Admin</value>
				</record>
				<record>
					<value>2</value>
					<value>user@test.com</value>
					<value>user</value>
					<value>user</value>
					<value>Sergey Kornilov</value>
				</record>
			</data>
		</records>
	</operation>
	<operation type="CREATE_TABLE">
		<table>
			<schema></schema>
			<name>share_type</name>
			<type>0</type>
			<dbfields>
				<dbfield>
					<name>id</name>
					<type>3</type>
					<typeName>int</typeName>
					<size>11</size>
					<scale>0</scale>
					<defaultValue></defaultValue>
					<nullable>0</nullable>
					<autoInc>1</autoInc>
					<charset></charset>
					<oraSequence></oraSequence>
					<enumValues></enumValues>
				</dbfield>
				<dbfield>
					<name>share_type</name>
					<type>200</type>
					<typeName>varchar</typeName>
					<size>50</size>
					<scale>0</scale>
					<defaultValue></defaultValue>
					<nullable>1</nullable>
					<autoInc>0</autoInc>
					<charset></charset>
					<oraSequence></oraSequence>
					<enumValues></enumValues>
				</dbfield>
			</dbfields>
			<dbkeys>
				<dbkey>id</dbkey>
			</dbkeys>
			<dbfkeys></dbfkeys>
			<pbclean>0</pbclean>
		</table>
	</operation>
	<operation type="INSERT_RECORD">
		<schema></schema>
		<tablename>share_type</tablename>
		<prefix></prefix>
		<suffix></suffix>
		<records>
			<names>
				<colname>id</colname>
				<colname>share_type</colname>
			</names>
			<types>
				<coltype>3</coltype>
				<coltype>200</coltype>
			</types>
			<data>
				<record>
					<value>1</value>
					<value>Selected users</value>
				</record>
				<record>
					<value>2</value>
					<value>All users</value>
				</record>
				<record>
					<value>3</value>
					<value>Share via link</value>
				</record>
				<record>
					<value>4</value>
					<value>Do not share</value>
				</record>
			</data>
		</records>
	</operation>
</operations>
